PRAGMA foreign_keys=OFF;
BEGIN TRANSACTION;
CREATE TABLE IF NOT EXISTS "django_migrations" ("id" INTEGER PRIMARY KEY, "app" varchar(255) NOT NULL, "name" varchar(255) NOT NULL, "applied" datetime NOT NULL);
INSERT INTO django_migrations VALUES(1,'contenttypes','0001_initial','2020-09-08 11:18:38.950248');
INSERT INTO django_migrations VALUES(2,'auth','0001_initial','2020-09-08 11:18:38.961879');
INSERT INTO django_migrations VALUES(3,'admin','0001_initial','2020-09-08 11:18:38.972225');
INSERT INTO django_migrations VALUES(4,'admin','0002_logentry_remove_auto_add','2020-09-08 11:18:38.983678');
INSERT INTO django_migrations VALUES(5,'admin','0003_logentry_add_action_flag_choices','2020-09-08 11:18:38.992958');
INSERT INTO django_migrations VALUES(6,'contenttypes','0002_remove_content_type_name','2020-09-08 11:18:39.010785');
INSERT INTO django_migrations VALUES(7,'auth','0002_alter_permission_name_max_length','2020-09-08 11:18:39.020322');
INSERT INTO django_migrations VALUES(8,'auth','0003_alter_user_email_max_length','2020-09-08 11:18:39.032247');
INSERT INTO django_migrations VALUES(9,'auth','0004_alter_user_username_opts','2020-09-08 11:18:39.041613');
INSERT INTO django_migrations VALUES(10,'auth','0005_alter_user_last_login_null','2020-09-08 11:18:39.050893');
INSERT INTO django_migrations VALUES(11,'auth','0006_require_contenttypes_0002','2020-09-08 11:18:39.052602');
INSERT INTO django_migrations VALUES(12,'auth','0007_alter_validators_add_error_messages','2020-09-08 11:18:39.061849');
INSERT INTO django_migrations VALUES(13,'auth','0008_alter_user_username_max_length','2020-09-08 11:18:39.074140');
INSERT INTO django_migrations VALUES(14,'auth','0009_alter_user_last_name_max_length','2020-09-08 11:18:39.085603');
INSERT INTO django_migrations VALUES(15,'auth','0010_alter_group_name_max_length','2020-09-08 11:18:39.096049');
INSERT INTO django_migrations VALUES(16,'auth','0011_update_proxy_permissions','2020-09-08 11:18:39.102518');
INSERT INTO django_migrations VALUES(17,'auth','0012_alter_user_first_name_max_length','2020-09-08 11:18:39.114001');
INSERT INTO django_migrations VALUES(18,'sessions','0001_initial','2020-09-08 11:18:39.117977');
INSERT INTO django_migrations VALUES(19,'contact','0001_initial','2020-09-08 17:13:25.357541');
INSERT INTO django_migrations VALUES(20,'about','0001_initial','2020-09-13 06:16:07.097911');
INSERT INTO django_migrations VALUES(21,'about','0002_developer','2020-09-13 16:48:30.758465');
INSERT INTO django_migrations VALUES(22,'about','0003_auto_20200913_1727','2020-09-13 17:27:51.692992');
INSERT INTO django_migrations VALUES(23,'about','0004_technology','2020-09-17 17:42:09.632793');
INSERT INTO django_migrations VALUES(24,'about','0005_auto_20200917_1742','2020-09-17 17:42:09.643447');
INSERT INTO django_migrations VALUES(25,'about','0006_auto_20200917_1857','2020-09-17 18:57:52.027410');
INSERT INTO django_migrations VALUES(26,'about','0007_delete_technology','2020-09-17 19:12:55.217644');
INSERT INTO django_migrations VALUES(27,'work','0001_initial','2020-09-17 19:12:55.223561');
CREATE TABLE IF NOT EXISTS "auth_group_permissions" ("id" INTEGER PRIMARY KEY, "group_id" integer NOT NULL REFERENCES "auth_group" ("id") DEFERRABLE INITIALLY DEFERRED, "permission_id" integer NOT NULL REFERENCES "auth_permission" ("id") DEFERRABLE INITIALLY DEFERRED);
CREATE TABLE IF NOT EXISTS "auth_user_groups" ("id" INTEGER PRIMARY KEY, "user_id" integer NOT NULL REFERENCES "auth_user" ("id") DEFERRABLE INITIALLY DEFERRED, "group_id" integer NOT NULL REFERENCES "auth_group" ("id") DEFERRABLE INITIALLY DEFERRED);
CREATE TABLE IF NOT EXISTS "auth_user_user_permissions" ("id" INTEGER PRIMARY KEY, "user_id" integer NOT NULL REFERENCES "auth_user" ("id") DEFERRABLE INITIALLY DEFERRED, "permission_id" integer NOT NULL REFERENCES "auth_permission" ("id") DEFERRABLE INITIALLY DEFERRED);
CREATE TABLE IF NOT EXISTS "django_admin_log" ("id" INTEGER PRIMARY KEY, "action_time" datetime NOT NULL, "object_id" text NULL, "object_repr" varchar(200) NOT NULL, "change_message" text NOT NULL, "content_type_id" integer NULL REFERENCES "django_content_type" ("id") DEFERRABLE INITIALLY DEFERRED, "user_id" integer NOT NULL REFERENCES "auth_user" ("id") DEFERRABLE INITIALLY DEFERRED, "action_flag" smallint unsigned NOT NULL CHECK ("action_flag" >= 0));
INSERT INTO django_admin_log VALUES(1,'2020-09-08 11:23:40.141756','1','kirannambiar12','[{"changed": {"fields": ["First name", "Last name"]}}]',4,1,2);
INSERT INTO django_admin_log VALUES(2,'2020-09-08 17:23:46.601340','1','Kiran Nambiar','[{"added": {}}]',7,1,1);
INSERT INTO django_admin_log VALUES(3,'2020-09-08 17:24:09.826355','2','Demo2','[{"added": {}}]',7,1,1);
INSERT INTO django_admin_log VALUES(4,'2020-09-10 18:12:40.989576','7','KIRAN NAMBIAR','',7,1,3);
INSERT INTO django_admin_log VALUES(5,'2020-09-10 18:12:40.991640','6','KIRAN NAMBIAR','',7,1,3);
INSERT INTO django_admin_log VALUES(6,'2020-09-10 18:12:40.993022','5','KIRAN NAMBIAR','',7,1,3);
INSERT INTO django_admin_log VALUES(7,'2020-09-13 06:23:00.206152','1','About','[{"added": {}}]',8,1,1);
INSERT INTO django_admin_log VALUES(8,'2020-09-13 13:50:19.605694','1','About','[{"changed": {"fields": ["About img"]}}]',8,1,2);
INSERT INTO django_admin_log VALUES(9,'2020-09-13 16:56:23.619463','1','What I Do As A Developer?','[{"added": {}}]',9,1,1);
INSERT INTO django_admin_log VALUES(10,'2020-09-13 18:12:41.521649','1','What I Do As A Developer?','[{"changed": {"fields": ["Developer background img"]}}]',9,1,2);
INSERT INTO django_admin_log VALUES(11,'2020-09-13 18:13:11.531195','1','What I Do As A Developer?','[{"changed": {"fields": ["Developer background img"]}}]',9,1,2);
INSERT INTO django_admin_log VALUES(12,'2020-09-13 19:02:19.785928','14','test','',7,1,3);
INSERT INTO django_admin_log VALUES(13,'2020-09-13 19:02:19.788452','13','Kiran','',7,1,3);
INSERT INTO django_admin_log VALUES(14,'2020-09-13 19:02:19.789791','12','test','',7,1,3);
INSERT INTO django_admin_log VALUES(15,'2020-09-13 19:02:19.791102','11','test','',7,1,3);
INSERT INTO django_admin_log VALUES(16,'2020-09-13 19:02:19.792277','10','KIRAN NAMBIAR','',7,1,3);
INSERT INTO django_admin_log VALUES(17,'2020-09-13 19:02:19.793494','9','test','',7,1,3);
INSERT INTO django_admin_log VALUES(18,'2020-09-13 19:02:19.794820','8','test','',7,1,3);
INSERT INTO django_admin_log VALUES(19,'2020-09-13 19:02:19.796295','4','Kiran','',7,1,3);
INSERT INTO django_admin_log VALUES(20,'2020-09-13 19:02:19.797583','3','KIRAN NAMBIAR','',7,1,3);
INSERT INTO django_admin_log VALUES(21,'2020-09-13 19:02:19.798783','2','Demo2','',7,1,3);
INSERT INTO django_admin_log VALUES(22,'2020-09-13 19:02:19.799969','1','Kiran Nambiar','',7,1,3);
INSERT INTO django_admin_log VALUES(23,'2020-09-17 17:56:07.184870','1','Django','[{"added": {}}]',10,1,1);
INSERT INTO django_admin_log VALUES(24,'2020-09-17 18:17:56.310372','1','Django','[{"changed": {"fields": ["Percentage"]}}]',10,1,2);
INSERT INTO django_admin_log VALUES(25,'2020-09-17 18:58:13.706898','1','Django','[{"changed": {"fields": ["Bar color"]}}]',10,1,2);
INSERT INTO django_admin_log VALUES(26,'2020-09-17 18:58:50.994067','1','Django','[{"changed": {"fields": ["Bar color"]}}]',10,1,2);
INSERT INTO django_admin_log VALUES(27,'2020-09-17 18:59:14.207811','2','React js','[{"added": {}}]',10,1,1);
INSERT INTO django_admin_log VALUES(28,'2020-09-17 19:13:39.319185','1','Django','[{"added": {}}]',11,1,1);
INSERT INTO django_admin_log VALUES(29,'2020-09-17 19:13:50.474847','2','React JS','[{"added": {}}]',11,1,1);
INSERT INTO django_admin_log VALUES(30,'2020-09-19 08:32:31.557161','1','About','[{"changed": {"fields": ["About img"]}}]',8,1,2);
INSERT INTO django_admin_log VALUES(31,'2020-09-22 17:02:33.687673','1','About','[{"changed": {"fields": ["About img"]}}]',8,1,2);
INSERT INTO django_admin_log VALUES(32,'2020-09-22 17:04:52.562579','1','What I Do As A Developer?','[{"changed": {"fields": ["Developer background img"]}}]',9,1,2);
CREATE TABLE IF NOT EXISTS "django_content_type" ("id" INTEGER PRIMARY KEY, "app_label" varchar(100) NOT NULL, "model" varchar(100) NOT NULL);
INSERT INTO django_content_type VALUES(1,'admin','logentry');
INSERT INTO django_content_type VALUES(2,'auth','permission');
INSERT INTO django_content_type VALUES(3,'auth','group');
INSERT INTO django_content_type VALUES(4,'auth','user');
INSERT INTO django_content_type VALUES(5,'contenttypes','contenttype');
INSERT INTO django_content_type VALUES(6,'sessions','session');
INSERT INTO django_content_type VALUES(7,'contact','contact');
INSERT INTO django_content_type VALUES(8,'about','about');
INSERT INTO django_content_type VALUES(9,'about','developer');
INSERT INTO django_content_type VALUES(10,'about','technology');
INSERT INTO django_content_type VALUES(11,'work','technology');
CREATE TABLE IF NOT EXISTS "auth_permission" ("id" INTEGER PRIMARY KEY, "content_type_id" integer NOT NULL REFERENCES "django_content_type" ("id") DEFERRABLE INITIALLY DEFERRED, "codename" varchar(100) NOT NULL, "name" varchar(255) NOT NULL);
INSERT INTO auth_permission VALUES(1,1,'add_logentry','Can add log entry');
INSERT INTO auth_permission VALUES(2,1,'change_logentry','Can change log entry');
INSERT INTO auth_permission VALUES(3,1,'delete_logentry','Can delete log entry');
INSERT INTO auth_permission VALUES(4,1,'view_logentry','Can view log entry');
INSERT INTO auth_permission VALUES(5,2,'add_permission','Can add permission');
INSERT INTO auth_permission VALUES(6,2,'change_permission','Can change permission');
INSERT INTO auth_permission VALUES(7,2,'delete_permission','Can delete permission');
INSERT INTO auth_permission VALUES(8,2,'view_permission','Can view permission');
INSERT INTO auth_permission VALUES(9,3,'add_group','Can add group');
INSERT INTO auth_permission VALUES(10,3,'change_group','Can change group');
INSERT INTO auth_permission VALUES(11,3,'delete_group','Can delete group');
INSERT INTO auth_permission VALUES(12,3,'view_group','Can view group');
INSERT INTO auth_permission VALUES(13,4,'add_user','Can add user');
INSERT INTO auth_permission VALUES(14,4,'change_user','Can change user');
INSERT INTO auth_permission VALUES(15,4,'delete_user','Can delete user');
INSERT INTO auth_permission VALUES(16,4,'view_user','Can view user');
INSERT INTO auth_permission VALUES(17,5,'add_contenttype','Can add content type');
INSERT INTO auth_permission VALUES(18,5,'change_contenttype','Can change content type');
INSERT INTO auth_permission VALUES(19,5,'delete_contenttype','Can delete content type');
INSERT INTO auth_permission VALUES(20,5,'view_contenttype','Can view content type');
INSERT INTO auth_permission VALUES(21,6,'add_session','Can add session');
INSERT INTO auth_permission VALUES(22,6,'change_session','Can change session');
INSERT INTO auth_permission VALUES(23,6,'delete_session','Can delete session');
INSERT INTO auth_permission VALUES(24,6,'view_session','Can view session');
INSERT INTO auth_permission VALUES(25,7,'add_contact','Can add contact');
INSERT INTO auth_permission VALUES(26,7,'change_contact','Can change contact');
INSERT INTO auth_permission VALUES(27,7,'delete_contact','Can delete contact');
INSERT INTO auth_permission VALUES(28,7,'view_contact','Can view contact');
INSERT INTO auth_permission VALUES(29,8,'add_about','Can add about');
INSERT INTO auth_permission VALUES(30,8,'change_about','Can change about');
INSERT INTO auth_permission VALUES(31,8,'delete_about','Can delete about');
INSERT INTO auth_permission VALUES(32,8,'view_about','Can view about');
INSERT INTO auth_permission VALUES(33,9,'add_developer','Can add developer');
INSERT INTO auth_permission VALUES(34,9,'change_developer','Can change developer');
INSERT INTO auth_permission VALUES(35,9,'delete_developer','Can delete developer');
INSERT INTO auth_permission VALUES(36,9,'view_developer','Can view developer');
INSERT INTO auth_permission VALUES(37,10,'add_technology','Can add technology');
INSERT INTO auth_permission VALUES(38,10,'change_technology','Can change technology');
INSERT INTO auth_permission VALUES(39,10,'delete_technology','Can delete technology');
INSERT INTO auth_permission VALUES(40,10,'view_technology','Can view technology');
INSERT INTO auth_permission VALUES(41,11,'add_technology','Can add technology');
INSERT INTO auth_permission VALUES(42,11,'change_technology','Can change technology');
INSERT INTO auth_permission VALUES(43,11,'delete_technology','Can delete technology');
INSERT INTO auth_permission VALUES(44,11,'view_technology','Can view technology');
CREATE TABLE IF NOT EXISTS "auth_group" ("id" INTEGER PRIMARY KEY, "name" varchar(150) NOT NULL UNIQUE);
CREATE TABLE IF NOT EXISTS "auth_user" ("id" INTEGER PRIMARY KEY, "password" varchar(128) NOT NULL, "last_login" datetime NULL, "is_superuser" bool NOT NULL, "username" varchar(150) NOT NULL UNIQUE, "last_name" varchar(150) NOT NULL, "email" varchar(254) NOT NULL, "is_staff" bool NOT NULL, "is_active" bool NOT NULL, "date_joined" datetime NOT NULL, "first_name" varchar(150) NOT NULL);
INSERT INTO auth_user VALUES(1,'pbkdf2_sha256$216000$57KYO0FQ3z4t$M7r3bXFAP3oSLBEKdcGCv/0L9G2UVbgcNYc+OU5plRY=','2020-09-10 18:12:23.589213',1,'kirannambiar12','Nambiar','Kiran_nambiar12@gmail.com',1,1,'2020-09-08 11:21:18','Kiran');
CREATE TABLE IF NOT EXISTS "django_session" ("session_key" varchar(40) NOT NULL PRIMARY KEY, "session_data" text NOT NULL, "expire_date" datetime NOT NULL);
INSERT INTO django_session VALUES('ug87owpsrx5guggnwvrnhzw75flqknyw','.eJxVjMsOwiAQRf-FtSED5VFcuvcbyAwMUjU0Ke3K-O_apAvd3nPOfYmI21rj1nmJUxZnocTpdyNMD247yHdst1mmua3LRHJX5EG7vM6Zn5fD_Tuo2Ou39mg8UWb2niyxUwqUG3QBbwIFGknDCKBTcm5woZBVrJFTMQYsWdbi_QHi2TfC:1kFhR7:FRVEwCjno76rmuQekomV12Uo_XiFI8XX6lBrkZB_ak0','2020-09-22 17:29:41.057832');
INSERT INTO django_session VALUES('qve0ezh2qkewi2c2lda51u4yo9haz5uf','.eJxVjMsOwiAQRf-FtSED5VFcuvcbyAwMUjU0Ke3K-O_apAvd3nPOfYmI21rj1nmJUxZnocTpdyNMD247yHdst1mmua3LRHJX5EG7vM6Zn5fD_Tuo2Ou39mg8UWb2niyxUwqUG3QBbwIFGknDCKBTcm5woZBVrJFTMQYsWdbi_QHi2TfC:1kFigG:3S7_4wuOYgaEW-eRcTafB1ATY-Kz3TK5sMCpco8hdW8','2020-09-22 18:49:24.968599');
INSERT INTO django_session VALUES('7rquqzpyfxim3o5cjggzp7k2qk2nus1a','.eJxVjMsOwiAQRf-FtSED5VFcuvcbyAwMUjU0Ke3K-O_apAvd3nPOfYmI21rj1nmJUxZnocTpdyNMD247yHdst1mmua3LRHJX5EG7vM6Zn5fD_Tuo2Ou39mg8UWb2niyxUwqUG3QBbwIFGknDCKBTcm5woZBVrJFTMQYsWdbi_QHi2TfC:1kGR3X:66RtSYYWHWPZiiv93-UeC9SJG1UH9mpq6NZbYKHTGHo','2020-09-24 18:12:23.591706');
CREATE TABLE IF NOT EXISTS "contact_contact" ("id" INTEGER PRIMARY KEY, "name" varchar(256) NOT NULL, "email_id" varchar(256) NOT NULL, "subject" text NOT NULL);
INSERT INTO contact_contact VALUES(15,'Kiran','kirannambiar12@gmail.com','Hello');
INSERT INTO contact_contact VALUES(16,'Kiran Nambiar','Kirannambiar12@gmail.com','Hello Kiran');
CREATE TABLE IF NOT EXISTS "about_about" ("id" INTEGER PRIMARY KEY, "title" varchar(256) NOT NULL, "about_text" text NOT NULL, "about_img" varchar(100) NOT NULL);
INSERT INTO about_about VALUES(1,'About','Lorem Ipsum is simply dummy text of the printing and typesetting industry. Lorem Ipsum has been the industry''s standard dummy text ever since the 1500s, when an unknown printer took a galley of type and scrambled it to make a type specimen book. It has survived not only five centuries, but also the leap into electronic typesetting, remaining essentially unchanged. It was popularised in the 1960s with the release of Letraset sheets containing Lorem Ipsum passages, and more recently with desktop publishing software like Aldus PageMaker including versions of Lorem Ipsum.','about.jpg');
CREATE TABLE IF NOT EXISTS "about_developer" ("id" INTEGER PRIMARY KEY, "title" varchar(256) NOT NULL, "developer_background_img" varchar(100) NOT NULL, "about_developer_text" text NOT NULL);
INSERT INTO about_developer VALUES(1,'What I Do As A Developer?','code.jpg','It is a long established fact that a reader will be distracted by the readable content of a page when looking at its layout. The point of using Lorem Ipsum is that it has a more-or-less normal distribution of letters, as.');
CREATE TABLE IF NOT EXISTS "work_technology" ("id" INTEGER PRIMARY KEY, "title" varchar(256) NOT NULL, "percentage" integer NOT NULL, "bar_color" varchar(100) NOT NULL);
INSERT INTO work_technology VALUES(1,'Django',60,'success');
INSERT INTO work_technology VALUES(2,'React JS',40,'danger');
DELETE FROM sqlite_sequence;
INSERT INTO sqlite_sequence VALUES('django_migrations',27);
INSERT INTO sqlite_sequence VALUES('django_admin_log',32);
INSERT INTO sqlite_sequence VALUES('django_content_type',11);
INSERT INTO sqlite_sequence VALUES('auth_permission',44);
INSERT INTO sqlite_sequence VALUES('auth_group',0);
INSERT INTO sqlite_sequence VALUES('auth_user',1);
INSERT INTO sqlite_sequence VALUES('contact_contact',16);
INSERT INTO sqlite_sequence VALUES('about_about',1);
INSERT INTO sqlite_sequence VALUES('about_developer',1);
INSERT INTO sqlite_sequence VALUES('work_technology',2);
CREATE UNIQUE INDEX "auth_group_permissions_group_id_permission_id_0cd325b0_uniq" ON "auth_group_permissions" ("group_id", "permission_id");
CREATE INDEX "auth_group_permissions_group_id_b120cbf9" ON "auth_group_permissions" ("group_id");
CREATE INDEX "auth_group_permissions_permission_id_84c5c92e" ON "auth_group_permissions" ("permission_id");
CREATE UNIQUE INDEX "auth_user_groups_user_id_group_id_94350c0c_uniq" ON "auth_user_groups" ("user_id", "group_id");
CREATE INDEX "auth_user_groups_user_id_6a12ed8b" ON "auth_user_groups" ("user_id");
CREATE INDEX "auth_user_groups_group_id_97559544" ON "auth_user_groups" ("group_id");
CREATE UNIQUE INDEX "auth_user_user_permissions_user_id_permission_id_14a6b632_uniq" ON "auth_user_user_permissions" ("user_id", "permission_id");
CREATE INDEX "auth_user_user_permissions_user_id_a95ead1b" ON "auth_user_user_permissions" ("user_id");
CREATE INDEX "auth_user_user_permissions_permission_id_1fbb5f2c" ON "auth_user_user_permissions" ("permission_id");
CREATE INDEX "django_admin_log_content_type_id_c4bce8eb" ON "django_admin_log" ("content_type_id");
CREATE INDEX "django_admin_log_user_id_c564eba6" ON "django_admin_log" ("user_id");
CREATE UNIQUE INDEX "django_content_type_app_label_model_76bd3d3b_uniq" ON "django_content_type" ("app_label", "model");
CREATE UNIQUE INDEX "auth_permission_content_type_id_codename_01ab375a_uniq" ON "auth_permission" ("content_type_id", "codename");
CREATE INDEX "auth_permission_content_type_id_2f476e4b" ON "auth_permission" ("content_type_id");
CREATE INDEX "django_session_expire_date_a5c62663" ON "django_session" ("expire_date");
COMMIT;
